imagem,descricao,valor
https://images.vitrinebradesco.com.br/pestana_leiloes/341720/1742919594422,"Data do leilão: 16/04/2025 | Rua Dr. Reynaldo Schwindt Furlanetto, 10 - (lt. 375 E 376 Da Qd. O). Casa. - Jardim Germânia.. Área Construída: 242,00m² Área De Terreno: 497,85m².. Matrícula: 321384. Obs.: Regularizações E Encargos Perante Os Órgãos Competentes, Inclusive Quanto A Eventual Divergência De Numeração Predial Que Vier A Ser Apurada No Local Com A Lançada Em Cadastro Imobiliário E Averbada No Ri, Correrão Por Conta Do(a) Comprador(a). Débitos Aproximados De Iptu De R$ 35.000,00, Por Conta Do Comprador. O Lance Ofertado Estará Sujeito À Aprovação Do Vendedor. Ocupada. (af). Ação Judicial: Vide Edital.",Parceiro: Pestana Leilões
https://images.vitrinebradesco.com.br/vip_leiloes/346126/1744749865224,"Data do leilão: 16/04/2025 | Apto. Nº 182, No 18º Pav. Do Edifício São Matheus, Bloco A-5, Integrante Do Empreendimento Solar De Amigos, Com Uma Vaga De Garagem Nº 232. Área Útil 66,385 M². Inscrição Municipal 171.101.0150-8 (apto) E 171.101.0479-5 (vaga). Matrículas 74.793 E 74.794 Do 18º Ri Local. Obs.: O Vendedor Providenciará Sem Prazo Determinado A Baixa Da Penhora Constante Na Av-17 Da Matrícula 74.793. Consta Sobre O Imóvel Ação De Execução De Débitos Condominiais Processo Nº 1002136-38.2024.8.26.0704 Da 1ª Vara Cível Do Foro Regional Xv - Butantã - Sp, O Qual Será De Responsabilidade Do Vendedor O Seu Pagamento, Bem Como A Baixa Da Respectiva Ação De Execução. Caso Haja O Exercício De Direito De Preferência, O Débito E A Baixa Da Respectiva Ação, Será De Exclusiva Responsabilidade Do Ex-fiduciante. Ocupado. (af). Valor Está 23% Abaixo Na 2ª Praça. Condição De Pagamento: À Vista, Mais Comissão De 5% Ao Leiloeiro.",Parceiro: Grupo Vip Leilões
https://images.vitrinebradesco.com.br/vip_leiloes/346128/1744749869068,"Data do leilão: 16/04/2025 | Apto. Nº 23, No 2º Pav. Do Edifício Everest (edifício 1) Integrante Do Empreendimento Denominado Mountain Park, Com 1 Vaga De Garagem Indeterminada, Com Auxílio De Manobrista. Área Real Priv. 55,41 M². Matr. 144.894 Do 6º Ri Local. Inscrição Municipal 117.309.0057-6. Obs.: Ocupado. (af). Valor Está 45% Abaixo Na 2ª Praça. Condição De Pagamento: À Vista, Mais Comissão De 5% Ao Leiloeiro.",Parceiro: Grupo Vip Leilões
https://images.vitrinebradesco.com.br/vip_leiloes/346139/1744749889890,"Data do leilão: 16/04/2025 | 1) São Paulo-SP. Bairro Bom Retiro. Rua Do Areal, Nº 42. Prédio Comercial. Áreas Totais: Terr. 205,40 M² E Constr. Estimada No Local 497,00 M² (consta No Ri 396,45 M²). Matr. 17.048 Do 8º Ri Local. Inscrição Municipal 019.083.0028-0. Obs.: Regularização E Encargos Perante Os Órgãos Competentes, Quanto A Divergência De Área Verificada No Local Com A Lançada No Iptu E Averbada No Ri, Correrão Por Conta Do Comprador. Ocupado. (af). 2) São Paulo-sp. Vila São Francisco. Avenida Chucri Zaidan, Nº 1.550. Conjunto Nº 1403, No 12º Pav. Ou 14º Andar Do Edifício Capital Corporate Office. Área Priv. 79,28 M². Matr. 393.176 Do 11º Ri Local. Inscrição Municipal 085.667.0073-2. Obs.: Ocupado. (af). Valor Está 07% Abaixo Na 1ª Praça. Condição De Pagamento: À Vista, Mais Comissão De 5% Ao Leiloeiro.",Parceiro: Grupo Vip Leilões
https://images.vitrinebradesco.com.br/pestana_leiloes/346057/1744744787532,"Data do leilão: 15/04/2025 | Rua Manifesto, 2.707 - Apartamento 126 (12º Pavimento) - Ipiranga. Área Privativa: 48,07m². Matrícula: 154.870. Obs.: Informações Alteradas Conforme Trecho Destacado No Texto. Constituição De Condomínio Pendente De Averbação No Ri. Regularizações E Encargos Perante Os Órgãos Competentes, Inclusive Quanto A Eventual Divergência De Denominação De Bairro Que Vier A Ser Apurada No Local Com A Lançada Em Cadastro Imobiliário E Averbada No Ri, Correrão Por Conta Do(a) Comprador(a). O(a) Vendedor(a) Tomou Conhecimento Das Seguinte(s) Ação(ões) Judicial(is): Execução De Título Extrajudicial, Processo Nº 1162811-41.2024.8.26.0100, Em Trâmite Na 20ª Vara Cível De Foro Central Cível De São Paulo/sp E, Processo Nº 1025413-86.2023.8.26.0003, Em Trâmite Na 6ª Vara Cível De Foro Regional Iii - Jabaquara/sp. O Vendedor Responde Pelo Resultado Da Ação, De Acordo Com Os Critérios E Limites Estabelecidos Nas “condições De Venda Dos Imóveis” Constantes Do Edital. Ocupado. (af). Ação Judicial: Vide Edital.",Parceiro: Pestana Leilões
https://images.vitrinebradesco.com.br/zukerman_leiloes/344069/1743671182165,"Data do leilão: 15/04/2025 | Rua Tomaz Da Mota, Nº 55. Apartamento Nº 121, 12º Andar, Condomínio Residencial Michelangelo, Com Direito A Uma Vaga De Garagem. Áreas Totais: Priv.: 44,05m² E Total: 83,431m². Matr. 139.306 Do 18° Ri Local. Caberá Ao Arrematante, Providenciar Às Suas Expensas, Toda E Qualquer Regularização Física E Documental Do Imóvel, Perante Os Órgãos Competentes, Quando For O Caso, Tais Como, Prefeitura E Oficial De Registro De Imóveis, Independentemente Da Data Da Sua Constituição, Tais Como Regularização De Cadastro De Contribuinte Perante A Prefeitura, Regularização De Numeração Do Prédio E/ou Do Logradouro, Averbações De Demolição/construção, Unificações, Desmembramentos, Áreas Totais, Respondendo Por Quaisquer Ônus, Providências E Eventuais Tributos Cobrados Retroativamente Pela Municipalidade. Consta Ação Nº 1006374-37.2023.8.26.0704, 3ª Vara Cível Foro Regional Xv - Butantã, O Arrematante, Por Possuir Conhecimento, Declarará Anuência Sobre Os Eventuais Resultados E Efeitos Da Ação Informada, Se Responsabilizando Pela Eventual Necessidade De Baixa/regularização. Ocupado (af).",Parceiro: ZUK
https://images.vitrinebradesco.com.br/zukerman_leiloes/342801/1743152970950,"Data do leilão: 15/04/2025 | Rua Do Oratório, Nº 202. Apartamento Nº 71 (7° Pavimento), Condomínio Verum Mooca, Com Direito As Vagas De Garagem 21m E 22m E Ao Depósito Nº 40. Áreas Totais: Privativa: 153,64m² E Total: 242,08m². Matr. 182.914 Do 7° Ri Local. Caberá Ao Arrematante, Providenciar Às Suas Expensas, Toda E Qualquer Regularização Física E Documental Do Imóvel, Perante Os Órgãos Competentes, Quando For O Caso, Tais Como, Prefeitura E Oficial De Registro De Imóveis, Independentemente Da Data Da Sua Constituição, Tais Como Regularização De Cadastro De Contribuinte Perante A Prefeitura, Regularização De Numeração Do Prédio E/ou Do Logradouro, Averbações De Demolição/construção, Unificações, Desmembramentos, Áreas Totais, Respondendo Por Quaisquer Ônus, Providências E Eventuais Tributos Cobrados Retroativamente Pela Municipalidade. Consta Ação Declaratória De Nulidade, Processo Nº 1044802-86.2025.8.26.0100 Em Trâmite Na 2ª Vara Cível Do Foro Central Cível De São Paulo - Sp, O Vendedor Responde Pelo Resultado Da Ação, De Acordo Com Os Critérios E Limites Estabelecidos Nas ""condições De Venda Dos Imóveis"" Constantes Do Edital. Ocupado (af).",Parceiro: ZUK
https://images.vitrinebradesco.com.br/zukerman_leiloes/343371/1743498412490,"Data do leilão: 17/04/2025 | Avenida Paulista, Nº 807. Sala Comercial Nº 1504 (15° Andar), Edifício Sir Winston Churchill. Áreas Totais: Priv.: 48,54m² E Total: 71,37m². Matr. 87.846 Do 4° Ri Local. Débitos De Iptu, Condomínio E Taxas No Valor Aproximado De R$ 21.000,00, Vencidos Ou A Vencer, Independente Da Data Do Fato Gerador, Deverão SEr Apurados E Pagos Pelo Arrematante, Sem Direito A Reembolso. A Referida Sala Encontra-se Unificada Com A Sala 1505. Será Responsabilidade Do Arrematante A Regularização E Desmembramento Junto Ao Condomínio, Não Sendo Objeto Da Alienação A Sala 1505. Eventuais Débitos Deverão Ser Apurados E Pagos Pelo Comprador, Sem Direito A Reembolso. Caberá Ao Arrematante, Providenciar Às Suas Expensas, Toda E Qualquer Regularização Física E Documental Do Imóvel, Perante Os Órgãos Competentes, Quando For O Caso, Tais Como, Prefeitura E Oficial De Registro De Imóveis, Independentemente Da Data Da Sua Constituição, Tais Como Regularização De Cadastro De Contribuinte Perante A Prefeitura, Regularização De Numeração Do Prédio E/ou Do Logradouro, Averbações De Demolição/construção, Unificações, Desmembramentos, Áreas Totais, Respondendo Por Quaisquer Ônus, Providências E Eventuais Tributos Cobrados Retroativamente Pela Municipalidade. Ocupado. Consta Ação Anulatória, Processo Nº 1032540-07.2025.8.26.0100 Em Trâmite Na 25ª Vara Cível Do Foro Central Cível De São Paulo - Sp, O Vendedor Responde Pelo Resultado Da Ação, De Acordo Com Os Critérios E Limites Estabelecidos Nas ""condições De Venda Dos Imóveis"" Constantes Do Edital. Consta Ação Anulatória, Processo Nº 1025886-04.2025.8.26.0100 Em Trâmite Na 17ª Vara Cível De São Paulo - Sp, O Vendedor Responde Pelo Resultado Da Ação, De Acordo Com Os Critérios E Limites Estabelecidos Nas ""condições De Venda Dos Imóveis"" Constantes Do Edital.  ",Parceiro: ZUK
https://images.vitrinebradesco.com.br/zukerman_leiloes/343373/1743498414523,"Data do leilão: 17/04/2025 | Rua Professora Gioconda Mussolini, Nº 291. Apartamento Nº 24 (2° Andar), Edifício Panorama, Com Direito A Uma Vaga De Garagem. Áreas Totais: Priv.: 71,60m² E Total: 139,237m². Matr. 123.148 Do 18º Ri Local. Débitos De Iptu, Condomínio E Taxas No Valor Aproximado De R$ 26.000,00, Vencidos Ou A Vencer, Independente Da Data Do Fato Gerador, Deverão Ser Apurados E Pagos Pelo Arrematante, Sem Direito A Reembolso. Caberá Ao Arrematante, Providenciar Às Suas Expensas, Toda E Qualquer Regularização Física E Documental Do Imóvel, Perante Os Órgãos Competentes, Quando For O Caso, Tais Como, Prefeitura E Oficial De Registro De Imóveis, Independentemente Da Data Da Sua Constituição, Tais Como Regularização De Cadastro De Contribuinte Perante A Prefeitura, Regularização De Numeração Do Prédio E/ou Do Logradouro, Averbações De Demolição/construção, Unificações, Desmembramentos, Áreas Totais, Respondendo Por Quaisquer Ônus, Providências E Eventuais Tributos Cobrados Retroativamente Pela Municipalidade. Ocupado. Consta Ação Anulatória, Processo Nº 1003658-11.2025.8.26.0011 Em Trâmite Na 3ª Vara Cível De São Paulo - Sp, O Vendedor Responde Pelo Resultado Da Ação, De Acordo Com Os Critérios E Limites Estabelecidos Nas ""condições De Venda Dos Imóveis"" Constantes Do Edital. ",Parceiro: ZUK
https://images.vitrinebradesco.com.br/pestana_leiloes/344507/1743787989664,"Data do leilão: 22/04/2025 | Rua Marambaia, 205 - 205 (fundos) E 207. Prédio Comercial - Casa Verde. Área Construída: 280,00m² Área De Terreno: 285,30m². Matrícula: 75.681. Obs.: Área Construída Pendente De Averbação No Ri. Regularizações E Encargos Perante Os Órgãos Competentes, Inclusive Quanto A Eventual Divergência De Numeração Predial E Área Construída Que Vierem A Ser Apuradas No Local Com As Lançadas Em Cadastro Imobiliário E Averbadas No Ri, Correrão Por Conta Do(a) Comprador(a). Caberá, Ainda, Ao(a) Comprador(a) Verificar A Real Destinação Do Imóvel, Se Residencial Ou Comercial. O(a) Vendedor(a) Tomou Conhecimento Das Seguinte(s) Ação(ões) Judicial(is): Ação Anulatória De Leilão Com Pedido De Tutela Antecipada, Processo Nº 1014760-54.2025.8.26.0100, Em Trâmite Na 18ª Vara Cível Do Foro Central Cível De São Paulo/sp E Execução Fiscal, Processo Nº 1511633-18.2024.8.26.0090, Em Trâmite Na Vara Das Execuções Fiscais Municipais Da Comarca De São Paulo/sp. O Vendedor Responde Pelo Resultado Da Ação, De Acordo Com Os Critérios E Limites Estabelecidos Nas “condições De Venda Dos Imóveis” Constantes Do Edital. Débitos Aproximados De Iptu De R$ 40.000,00, Por Conta Do Comprador. Ocupado. (af).",Parceiro: Pestana Leilões
https://images.vitrinebradesco.com.br/pestana_leiloes/344511/1743788013329,"Data do leilão: 22/04/2025 | Alameda Santos, 1.505 (15º And.) - 812, 816, 820, 826, 830, 834, 842 E 846 - Cerqueira César. Área Privativa: 52,60m². Matrícula: 87.845. Obs.: Constituição De Condomínio Pendente De Averbação No Ri. Regularizações E Encargos Perante Os Órgãos Competentes, Inclusive Quanto A Eventual Divergência De Denominação De Bairro E Numeração Predial Que Vierem A Ser Apuradas No Local Com As Lançadas Em Cadastro Imobiliário E Averbadas No Ri, Correrão Por Conta Do(a) Comprador(a). Possíveis Débitos De Condomínio E Débitos Aproximados De Iptu De R$ 15.000,00, Ambos Por Conta Do Comprador. Ocupado. (af). Ação Judicial: Vide Edital.",Parceiro: Pestana Leilões
https://images.vitrinebradesco.com.br/freitas_leiloes/343431/1743513463395,"Data do leilão: 22/04/2025 | São Paulo-SP. Bairro Pinheiros. Rua Mateus Grou, 109. Ed. Mateus Grou. Ap. 92 (9º Andar), C/ Uma Vaga Indeterminada Na Garagem Coletiva. Área Priv.: 42,83m². Matr. 77.515 Do 10º Ri Local. Obs.: Consta Ação De Procedimento Comum Cível, Processo Nº 1003581-02.2025.8.26.0011, Em Trâmite Na 4ª Vara Cível Do Foro Regional Xi – Pinheiros- Sp. O Vendedor Responde Pelo Resultado Da Ação, De Acordo Com Os Critérios E Limites Estabelecidos Nas “condições De Venda Dos Imóveis” Constantes Do Edital. Os Débitos De Iptu E Condomínio Existentes Até A Data Da Venda, Deverão Ser Apurados E Pagos Pelo Arrematante, Sem Direito A Reembolso (valor Aproximado, Março/2025: R$ 105.700,00). Constam Ação De Execução Fiscal, Processo Nº 1515508-35.2020.8.26.0090, Em Trâmite Na Vara Das Execuções Fiscais Municipais De São Paulo/sp E Ação De Execução De Título Extrajudicial (despesas Condominiais), Processo Nº 1008736-20.2024.8.26.0011, Em Trâmite Na 1ª Vara Cível Do Foro Regional Xi – Pinheiros, São Paulo/sp. Custas Processuais E Honorários Advocatícios, Correrão Por Conta Do Comprador. Ocupado. (af). (cód. Do Imóvel 21682).",Parceiro: Freitas Leiloeiro
https://images.vitrinebradesco.com.br/freitas_leiloes/343433/1743513463023,"Data do leilão: 22/04/2025 | São Paulo-SP. Vila Hamburguesa. Rua Paulo Franco, 142. Ed. Double Space. Ap. 51 (5º Andar), C/ 02 Vagas Indeterminadas. Área Priv. 94,010m². Matr. 84.009 Do 10º Ri Local. Obs.: Os Débitos De Iptu Existentes Até A Data Da Venda, Deverão Ser Apurados E Pagos Pelo Arrematante, Sem Direito A Reembolso (valor Aproximado, Março/2025: R$ 4.200,00). Ocupado. (cód. Do Imóvel 1177).",Parceiro: Freitas Leiloeiro
https://images.vitrinebradesco.com.br/mega_leiloes/344017/1743620506374,"Data do leilão: 22/04/2025 | São Paulo-SP. Bairro Vila Carrão (vila Nova Manchester). Rua Nunes Balboa, Nº 480/482. Apto. 26 No 4º Pavimento Do Condomínio Residencial Nunes Balboa. Apartamento. Área Construída Privativa 30,89m². Matr. 326.554 Do 9º Ri Local. Obs.: (i) Ocupado (af).",Parceiro: Mega Leilões
https://images.vitrinebradesco.com.br/milan_leiloes/341807/1742929367468,"Data do leilão: 23/04/2025 | São Paulo – Sp. Bairro Pq Nações Unidas. Rua Ciriaco Jimenez, N°336, (lt 26-b Da Qd 15). Casa. Áreas Totais. Terr. 129,05m² E Constr. 105,50m². Matr. 194.651 Do 18°ri Local. Obs: Odos Os Eventuais Débitos Que Recaiam Sobre O Imóvel, Vencidos Ou A Vencer, Independente Da Data Do Fato Gerador, Deverão Ser Apurados E Pagos Pelo Arrematante, Sem Direito A Reembolso. Caberá Ao Arrematante Providenciar, Às Suas Expensas, Toda E Qualquer Regularização Física E Documental Do Imóvel Perante Os Órgãos Competentes, Quando For O Caso, Tais Como, Mas Não Se Limitando A, Prefeitura E Oficial De Registro De Imóveis, Independentemente Da Data Da Sua Constituição, Incluindo - Mas Não Se Limitando A - Regularização De Cadastro De Contribuinte Perante A Prefeitura, Regularização De Numeração Do Prédio E/ou Do Logradouro, Averbações De Demolição/construção, Unificações, Desmembramentos, Ajustes De Áreas Totais, Respondendo Por Quaisquer Ônus, Providências E Eventuais Outros Tributos Cobrados Retroativamente Pela Municipalidade. O Arrematante, Além Do Valor Da Arrematação Do Imóvel Que Deverá Ser Pago Ao Vendedor, Deverá Pagar Adicionalmente Ao Leiloeiro Em Até 05 Dias Uteis Após A Aprovação Da Venda Do Imóvel: Os Custos Abaixo: Comissão De 5% (cinco Por Cento) Sobre O Valor Da Arrematação; Custos Administrativos De 6% A 8% Sobre O Valor Da Arrematação, Referente Ao Adiantamento Das Despesas Obrigatórias Referentes À Transferência De Titularidade Do Imóvel Arrematado, Tais Como Imposto De Transmissão (itbi), Outorga De Escritura Pública, Taxas E Emolumentos Cartorários E Registro. O Valor Dos Custos Administrativos Será Informado Ao Arrematante Com Base No Cálculo Sobre O Maior Valor (considerando O Valor De Arrematação Ou O Valor Venal De Referência). Adicionalmente, Será Cobrado Um Custo Fixo De R$ 1.000,00, Referente Aos Honorários Pelos Serviços De Assessoria Para A Transferência Da Propriedade Do Imóvel. Regularização Dos Débitos De Iptu No Valor Aprox. De R$ 1.000,00, Serão De Inteira E Exclusiva Responsabilidade Do Comprador, Independentemente Da Data Dos Seus Fatos Geradores, Ainda Que Lançados E/ou Cobrados Em Nome Do Vendedor Ou De Terceiros, Sem Direito A Reembolso. Ocupado. (af).",Parceiro: Milan Leilões
https://images.vitrinebradesco.com.br/mega_leiloes/343330/1743498141153,"Data do leilão: 23/04/2025 | São Paulo-SP. Bairro Jardim São Luiz. Rua João Meimberg, Nº 544 - Parte Dos Lts. 12 E 13 Da Qd. 63. Casa. Áreas Totais: Terr. 277,00m² E Constr. 187,02m². Matr. 60.154 Do 11º Ri Local. Obs.: (i) Regularização E Encargos Perante Os Órgãos Competentes De Eventual Divergência Da Área Construída Que Vier A Ser Apurada No Local, Com A Averbada Na Matrícula E Lançada No Cadastro Municipal, Correrão Por Conta Do Comprador; (ii) Débitos De Iptu De Aprox. R$ 15.000,00, Deverão Ser Apurados E Pagos Pelo Arrematante, Sem Direito A Reembolso; (iii) Caberá Ao Arrematante Providenciar, Às Suas Expensas, Toda E Qualquer Regularização Física E Documental Do Imóvel Perante Os Órgãos Competentes, Quando For O Caso, Tais Como, Mas Não Se Limitando A, Prefeitura E Oficial De Registro De Imóveis, Independentemente Da Data Da Sua Constituição, Incluindo - Mas Não Se Limitando A - Regularização De Cadastro De Contribuinte Perante A Prefeitura, Regularização De Numeração Do Prédio E/ou Do Logradouro, Averbações De Demolição/construção, Unificações, Desmembramentos, Ajustes De Áreas Totais, Respondendo Por Quaisquer Ônus, Providências E Eventuais Outros Tributos Cobrados Retroativamente Pela Municipalidade. O Arrematante, Além Do Valor Da Arrematação Do Imóvel Que Deverá Ser Pago Ao Vendedor, Deverá Pagar Adicionalmente Ao Leiloeiro Em Até 05 Dias Uteis Após A Aprovação Da Venda Do Imóvel: Os Custos Abaixo: Comissão De 5% (cinco Por Cento) Sobre O Valor Da Arrematação; Custos Administrativos De 6% A 8% Sobre O Valor Da Arrematação, Referente Ao Adiantamento Das Despesas Obrigatórias Referentes À Transferência De Titularidade Do Imóvel Arrematado, Tais Como Imposto De Transmissão (itbi), Outorga De Escritura Pública, Taxas E Emolumentos Cartorários E Registro. O Valor Dos Custos Administrativos Será Informado Ao Arrematante Com Base No Cálculo Sobre O Maior Valor (considerando O Valor De Arrematação Ou O Valor Venal De Referência). Adicionalmente, Será Cobrado Um Custo Fixo De R$ 1.000,00, Referente Aos Honorários Pelos Serviços De Assessoria Para A Transferência Da Propriedade Do Imóvel; (iv) Ocupado (af).",Parceiro: Mega Leilões
https://images.vitrinebradesco.com.br/pestana_leiloes/344011/1743618725156,"Data do leilão: 24/04/2025 | Rua Dr. Almeida Lima, 891 - Apto. 112 Ed. Sol Da Itália, 11º Andar Do Bloco C - Mocca. Área Privativa: 61,00m². Matrícula: 150.991. Obs.: Constituição De Condomínio Pendente De Averbação No Ri. Regularizações E Encargos Perante Os Órgãos Competentes, Correrão Por Conta Do(a) Comprador(a). Ocupado. (af). Ação Judicial: Vide Edital.",Parceiro: Pestana Leilões
https://images.vitrinebradesco.com.br/zukerman_leiloes/345305/1744276000881,"Data do leilão: 28/04/2025 | Rua Tacacazeiro, Nº 283. Casa N° 03, Condomínio Residencial Tacacazeiro. Áreas Totais: Privativa: 67,83m², E Total: 163,316m². Matr. 173.488 Do 16° Ri Local. Caberá Ao Arrematante, Providenciar Às Suas Expensas, Toda E Qualquer Regularização Física E Documental Do Imóvel, Perante Os Órgãos Competentes, Quando For O Caso, Tais Como, Prefeitura E Oficial De Registro De Imóveis, Independentemente Da Data Da Sua Constituição, Tais Como Regularização De Cadastro De Contribuinte Perante A Prefeitura, Regularização De Numeração Do Prédio E/ou Do Logradouro, Averbações De Demolição/construção, Unificações, Desmembramentos, Áreas Totais, Respondendo Por Quaisquer Ônus, Providências E Eventuais Tributos Cobrados Retroativamente Pela Municipalidade. Ocupado. (af). Consta Ação Anulatória, Processo Nº 1005008-49.2025.8.26.0006 Em Trâmite Na 3ª Vara Cível Foro Regional Vi - Penha De França De São Paulo - Sp, O Vendedor Responde Pelo Resultado Da Ação, De Acordo Com Os Critérios E Limites Estabelecidos Nas ""condições De Venda Dos Imóveis"" Constantes Do Edital.",Parceiro: ZUK
https://images.vitrinebradesco.com.br/mega_leiloes/343287/1743498064871,"Data do leilão: 28/04/2025 | São Paulo-SP. Bairro Cidade Patriarca. Rua Lavras, Nº 30 - Parte Do Lt. 07 Da Qd. 20. Casa. Áreas Totais: Terr. 220,12m² E Constr. Estimada No Local 278,00m². Matr. 36.357 Do 16º Ri Local. Obs.: (i) Regularização E Encargos Perante Os Órgãos Competentes De Eventual Divergência Da Área Construída Que Vier A Ser Apurada No Local, Com A Averbada Na Matrícula E Lançada No Cadastro Municipal, Correrão Por Conta Do Comprador; (ii) Ocupada (af).",Parceiro: Mega Leilões
https://images.vitrinebradesco.com.br/pestana_leiloes/345291/1744228978394,"Data do leilão: 29/04/2025 | Rua Soldado Teodoro Francisco Ribeiro, 181 - Ap 26 (2º And, T 2) C/ 01 Vg De Gar. Ed Lake - Cond Weekend - Vila Maria. Área Privativa: 55,00m². Matrícula: 59.330. Obs.: Regularizações E Encargos Perante Os Órgãos Competentes, Inclusive Quanto A Eventual Necessidade De Constituição De Condomínio, Correrão Por Conta Do(a) Comprador(a). O Comprador Providenciará A Baixa Da Penhora Constante Na Av. 12 Da Citada Matrícula. O(a) Vendedor(a) Tomou Conhecimento Da(s) Seguinte(s) Ação(ões) Judicial(is): Ação De Execução De Débitos Condominiais, Processo Nº 1002085-15.2023.8.26.0008, Em Trâmite Na 5ª Vara Cível Do Foro Regional Viii - Tatuapé/sp. Caberá Ao(à) Comprador(a), Querendo, Eventual Substituição Processual, Como Sucessor Ou Assistente Litisconsorcial, Ficando Responsável Pelas Custas Processuais E Honorários Sucumbenciais. Débitos Aproximados De Condomínio De R$ 80.000,00, Por Conta Do Comprador. Ocupado. (af). Ação Judicial: Vide Edital.",Parceiro: Pestana Leilões
https://images.vitrinebradesco.com.br/pestana_leiloes/345296/1744228978312,"Data do leilão: 29/04/2025 | Rua Odorico Mendes, 630 - Apartamento 12 (1º Andar, Torre B). Condomínio Atua Mooca Ii - Mooca. Área De Terreno: 42,05m². Matrícula: 168.499. Obs.: Regularizações E Encargos Perante Os Órgãos Competentes, Correrão Por Conta Do(a) Comprador(a). Possíveis Débitos De Condomínio, Por Conta Do Comprador. Ocupado. (af). Ação Judicial: Vide Edital.",Parceiro: Pestana Leilões
https://images.vitrinebradesco.com.br/pestana_leiloes/345298/1744229000583,"Data do leilão: 29/04/2025 | Rua Margarida, 166 - Apartamento 62 (6º Andar) C/ 1 Vaga De Garagem. Edifício Dona Kátia. - Barra Funda.. Área Privativa: 30,30m². Matrícula: 247.747. Obs.: Constituição De Condomínio Pendente De Averbação No Ri. Regularizações E Encargos Perante Os Órgãos Competentes, Correrão Por Conta Do(a) Comprador(a). Débitos Aproximados De Condomínio De R$ 20.000,00, Por Conta Do Comprador. Ocupado. (af). Ação Judicial: Vide Edital.",Parceiro: Pestana Leilões
https://images.vitrinebradesco.com.br/vip_leiloes/346174/1744749951455,"Data do leilão: 29/04/2025 | Apto. Nº 153, No 15º Pav. Do Condomínio Verum Mooca, Com Direito A 1 Depósito E 2 Vagas De Garagem. Área Priv. 150,70m², Já Incluída A Área Correspondente Ao Depósito Nº 33 E Áreas Correspondentes Às Vagas De Garagem Nº 75p E 76p, Localizadas No 1º Subsolo. Matr. 182.948 Do 7º Ri Local. Inscrição Municipal 028.020.2892-8. Obs.: Eventuais Débitos Existentes Referentes A Condomínio, Serão De Responsabilidade Do Comprador A Sua Apuração E Pagamento, Independentemente Da Data Do Fato Gerador, Sem Direito A Reembolso. Consta Sobre O Imóvel Ação De Execução De Débitos Fiscais Processos Nº 1508378-86.2023.8.26.0090 Da Vara Das Execuções Fiscais Municipais Do Foro De São Paulo - Sp, O Qual Será De Responsabilidade Do Vendedor O Seu Pagamento, Bem Como A Baixa Da Respectiva Ação De Execução. Caso Haja O Exercício De Direito De Preferência, O Débito E A Baixa Da Respectiva Ação De Execução, Será De Exclusiva Responsabilidade Do Ex-fiduciante. Ocupado. (af). Valor Está 62% Abaixo Na 2ª Praça. Condição De Pagamento: À Vista, Mais Comissão De 5% Ao Leiloeiro.",Parceiro: Grupo Vip Leilões
https://images.vitrinebradesco.com.br/vip_leiloes/346184/1744749962904,"Data do leilão: 29/04/2025 | Apto. Nº 53, No 4º Andar Ou 5º Pav. Do Bloco A, Condomínio Conjunto Residencial Fascinação 3. Área Priv. 45,29 M². Matr. 141.577 Do 7º Ri Local. Inscrição Municipal 230.133.0209-5. Obs.: Ocupado. (af). Valor Está 34% Abaixo Na 2ª Praça. Condição De Pagamento: À Vista, Mais Comissão De 5% Ao Leiloeiro.",Parceiro: Grupo Vip Leilões
https://images.vitrinebradesco.com.br/mega_leiloes/344553/1743796910391,"Data do leilão: 29/04/2025 | São Paulo-SP. Bairro Chácara Inglesa. Rua Guiratinga, Nº 500. Apto. Duplex Ou De Cobertura Tipo ""a"" Nº 121, No 12º Andar E Cobertura Do Condomínio Edifício Monte Carmel, Com Direito A 02 Vagas Indeterminadas. Apartamento. Área Real Útil 195,880m² (apto) E 57,740m² (vagas). Matr. 178.993 Do 14º Ri Local. Obs.: (i) Débitos De Iptu E Condomínio De Aprox. R$ 460.000,00, Deverão Ser Apurados E Pagos Pelo Arrematante, Sem Direito A Reembolso; (ii) Ocupada (af).",Parceiro: Mega Leilões
https://images.vitrinebradesco.com.br/vip_leiloes/346118/1744749842545,"Data do leilão: 05/05/2025 | Casa. Áreas Totais: Terr. 170,24 M² E Constr. Estimada No Local 246,00 M². Matr. 34.034 Do 12º Ri Local. Inscrição Municipal 112.761.0027-1. Obs.: Área Construída Não Averbada No Ri. Regularização E Encargos Perante Os Órgãos Competentes, Inclusive Quanto A Averbação Da Mudança De Denominação Do Logradouro, Correrão Por Conta Do Comprador. Constam Ação De Superendividamento Processo Nº 1010470-93.2025.8.26.0100 Do Posto Do Cejusc Central Do Foro Central Cível De São Paulo Sp. O Vendedor Responde Pelo Resultado Da Ação De Acordo Com Os Critérios E Limites Estabelecidos Nas ""condições De Venda Dos Imóveis"" Constantes Do Edital. Regularização Dos Débitos De Iptu No Valor Aproximado De R$ 3.000,00, Apuração Dos Valores Atualizados E O Pagamento Dos Referidos Débitos Serão De Inteira Responsabilidade Do Comprador, Independentemente Da Data Do Fato Gerador, Sem Direito A Reembolso. Ocupada. (af). Lance Mínimo: R$ 310.000,00",Parceiro: Grupo Vip Leilões
https://images.vitrinebradesco.com.br/freitas_leiloes/345719/1744641060430,"Data do leilão: 05/05/2025 | São Paulo-SP. Bairro Jaraguá. Av. Amador Aguiar, 1232. Condomínio Villagio Di Vicenza. Casa Assobradada N° 19, C/ Direito A Uma Vaga De Garagem. Áreas Privs.: Terr. 120,170m² E Constr. 67,780m². Matr. 281.228 Do 18º Ri Local. Obs.: Constam Ações De Procedimento Comum Cível, Processo Nº 1005315-58.2025.8.26.0020 E Processo Nº 1002198-93.2024.8.26.0020, Ambas Respectivamente Em Trâmite Na 7ª E 4ª Vara Cível - Foro Regional Xii - Nossa Senhora Do Ó, Em São Paulo/sp. O Vendedor Responde Pelos Resultados Das Ações, De Acordo Com Os Critérios E Limites Estabelecidos Nas “condições De Venda Dos Imóveis” Constantes Do Edital. Ocupada. (af). (cód. Do Imóvel 23393).",Parceiro: Freitas Leiloeiro
https://images.vitrinebradesco.com.br/vip_leiloes/346096/1744749767866,"Data do leilão: 05/05/2025 | Casa. Áreas Totais: Terr. 140,00 M² E Constr. 167,29 M². Matr. 91.502 Do 16º Ri Local. Inscrição Municipal 078.329.0086-5. Obs.: Regularização Dos Débitos De Iptu No Valor Aproximado De R$ 1.200,00, Apuração Dos Valores Atualizados E O Pagamento Dos Referidos Débitos Serão De Inteira Responsabilidade Do Comprador, Independentemente Da Data Do Fato Gerador, Sem Direito A Reembolso. Ocupada. (af). Lance Mínimo: R$ 301.000,00",Parceiro: Grupo Vip Leilões
https://images.vitrinebradesco.com.br/freitas_leiloes/345736/1744642918800,"Data do leilão: 05/05/2025 | São Paulo-SP. Vila Matilde. Rua Alexandre Cheid, 354 (lt. 57b Da Qd. 23). Casa. Áreas Totais: Terr. 81,84m² E Constr. 47,86m². Matr. 165.044 Do 16° Ri Local. Obs. Consta Ação De Procedimento Comum Cível, Processo Nº 1006060-51.2023.8.26.0006, Em Trâmite Na 3ª Vara Cível Foro Regional Vi - Penha De França, São Paulo/sp. O Vendedor Responde Pelo Resultado Da Ação, De Acordo Com Os Critérios E Limites Estabelecidos Nas “condições De Venda Dos Imóveis” Constantes Do Edital. Ocupado. (af). (cód. Do Imóvel 18296).",Parceiro: Freitas Leiloeiro
